update,time_sec,valid_steps,mean_reward,mean_return,mean_advantage,done_fraction,episodes_finished,mean_episode_return,mean_episode_length,total_env_steps,actor_loss,critic_loss,entropy,approx_kl,clip_fraction,total_loss,num_updates
1.0,22.65631866455078,512.0,-4.602541446685791,-213.4037628173828,-17.103139877319336,0.0078125,4.0,-517.1197891235352,110.25,1383936.0,-0.016565217915922404,334.9664098103841,3.5032392581303915,0.05915826102718711,0.223046875,167.4316062927246,901.0
2.0,42.235350131988525,512.0,-4.161010265350342,-204.0017547607422,-9.475615501403809,0.0078125,4.0,-470.3726577758789,101.0,1385472.0,-0.009406085095057885,107.38112335205078,3.5006547133127848,0.048767339127759136,0.25579427083333334,53.646148935953775,902.0
3.0,59.05565619468689,512.0,-4.157937526702881,-207.168701171875,-9.246319770812988,0.0078125,4.0,-476.1891098022461,106.75,1387008.0,-0.010264110130568346,68.47739067077637,3.500971452395121,0.058617280113200346,0.23033854166666667,34.19342187245687,903.0
4.0,76.22049617767334,512.0,-4.631898403167725,-215.9572296142578,-24.634119033813477,0.005859375,3.0,-706.3168741861979,140.33333333333334,1388544.0,-0.01239377069287002,1382.9770568847657,3.4991925319035846,0.08429690785706043,0.2521484375,691.4411549886067,904.0
5.0,93.97068214416504,512.0,-4.000188827514648,-209.300048828125,-12.570345878601074,0.005859375,3.0,-609.1296895345052,141.33333333333334,1390080.0,-0.01500546932220459,252.77623392740887,3.499686320622762,0.09152256759504478,0.3219401041666667,126.33811442057292,905.0
6.0,111.48957133293152,512.0,-4.245539665222168,-211.41204833984375,-9.460556983947754,0.0078125,4.0,-506.25963592529297,115.0,1391616.0,-0.010364823943624894,111.39258550008138,3.504626719156901,0.07582194867233435,0.21087239583333334,55.65088132222493,906.0
7.0,129.11825275421143,512.0,-3.6592721939086914,-184.0235137939453,-11.33181095123291,0.005859375,3.0,-592.844970703125,157.0,1393152.0,-0.0021007603810479242,225.02821146647136,3.507239294052124,0.10609783108035724,0.29733072916666664,112.47693176269532,907.0
8.0,146.60386538505554,512.0,-4.528070449829102,-212.4657745361328,-15.553009033203125,0.0078125,4.0,-578.1633071899414,127.5,1394688.0,-0.011932799344261487,298.77374471028645,3.5083347002665204,0.16134971405069035,0.28984375,149.33985646565756,908.0
9.0,164.8586301803589,512.0,-4.343684673309326,-210.6599578857422,-12.080668449401855,0.0078125,4.0,-507.98551177978516,109.75,1396224.0,0.011849484111492833,132.27373479207355,3.502723224957784,0.0781594262768825,0.28912760416666666,66.11369031270345,909.0
10.0,182.2992763519287,512.0,-3.37273907661438,-181.31736755371094,-14.23250675201416,0.00390625,2.0,-815.5077819824219,235.0,1397760.0,-0.006554712572445472,1480.8281168619792,3.5013453086217243,0.09505416937172413,0.2542317708333333,740.3724761962891,910.0,-489.79453125,77.18840260490103,93.4,0.0,1.0,0.0,1.0
11.0,219.19026470184326,512.0,-3.6738483905792236,-186.24481201171875,-10.939597129821777,0.005859375,3.0,-579.1445515950521,149.66666666666666,1399296.0,-0.0029772046332557996,325.1212493896484,3.5021268208821614,0.08777714694539705,0.23743489583333333,162.522629292806,911.0
12.0,236.76120233535767,512.0,-4.206003665924072,-216.9837188720703,-15.348881721496582,0.005859375,3.0,-628.6440226236979,135.33333333333334,1400832.0,-0.005328427844991286,851.4897705078125,3.5078103065490724,0.11336908886830012,0.28951822916666664,425.70447896321616,912.0
13.0,256.178053855896,512.0,-3.48370623588562,-184.429443359375,-11.817825317382812,0.00390625,2.0,-482.93212890625,109.0,1402368.0,-0.018812659103423356,931.8198669433593,3.513967728614807,0.10826664716005326,0.290234375,465.8559814453125,913.0
14.0,273.9160740375519,512.0,-4.95619535446167,-215.0565643310547,-14.848027229309082,0.009765625,5.0,-505.3056396484375,101.6,1403904.0,-0.01646478585898876,653.5645345052084,3.5204026222229006,0.05773376971483231,0.23665364583333334,326.73059743245443,914.0
15.0,290.91458106040955,512.0,-4.332331657409668,-218.3367156982422,-8.548660278320312,0.0078125,4.0,-451.6180419921875,95.75,1405440.0,0.008071827919532855,112.84948755900065,3.5289029836654664,0.10705655614535013,0.373046875,56.397526295979816,915.0
16.0,309.0200877189636,512.0,-4.03233528137207,-210.21136474609375,-4.593111038208008,0.0078125,4.0,-487.83887481689453,116.5,1406976.0,0.012770930926005045,37.64512507120768,3.531937273343404,0.0754673927401503,0.286328125,18.80001417795817,916.0
17.0,334.4711081981659,512.0,-4.1029372215271,-211.1934814453125,-13.604789733886719,0.005859375,3.0,-635.9524536132812,143.0,1408512.0,-0.006911739334464073,258.9485549926758,3.532875347137451,0.04313117936253548,0.1728515625,129.43203735351562,917.0
18.0,353.77072858810425,512.0,-4.726109027862549,-216.53260803222656,-9.03719425201416,0.009765625,5.0,-477.80303955078125,100.0,1410048.0,-0.014756864495575428,146.75460255940754,3.538596272468567,0.05839863910029332,0.22415364583333333,73.32715911865235,918.0
19.0,372.6804599761963,512.0,-4.4256486892700195,-220.3536834716797,-17.817323684692383,0.005859375,3.0,-657.0691935221354,127.33333333333333,1411584.0,0.051368407501528664,435.11834309895835,3.540660834312439,0.15210612664620082,0.25338541666666664,217.57513427734375,919.0
20.0,393.3854398727417,512.0,-4.489933013916016,-211.30517578125,-12.185791969299316,0.0078125,4.0,-528.9977951049805,106.25,1413120.0,-0.01830842278432101,316.10451151529946,3.5361905097961426,0.06204623704155286,0.21438802083333333,157.99858652750652,920.0,-475.41929931640624,87.24863214763734,103.2,0.0,1.0,0.0,1.0
21.0,437.11026096343994,512.0,-4.345424652099609,-206.9425506591797,-14.248077392578125,0.005859375,3.0,-548.2067260742188,109.33333333333333,1414656.0,-0.0137137519971778,697.0930562337239,3.5371399482091266,0.10468518286943436,0.28684895833333335,348.4974365234375,921.0
22.0,457.1468663215637,512.0,-3.8559792041778564,-217.60301208496094,-7.309885501861572,0.005859375,3.0,-576.8494466145834,139.66666666666666,1416192.0,-0.008890462977190813,83.58005816141764,3.541276701291402,0.1589457407593727,0.2708333333333333,41.74572601318359,922.0
23.0,475.108060836792,512.0,-4.164526462554932,-211.8359832763672,-6.755209445953369,0.0078125,4.0,-470.0626678466797,104.5,1417728.0,-0.012421947034696738,159.91710739135743,3.5412134726842246,0.09570232269664605,0.23704427083333332,79.91071917215983,923.0
24.0,492.6932849884033,512.0,-4.655277252197266,-219.23004150390625,-15.567957878112793,0.0078125,4.0,-580.9171600341797,121.75,1419264.0,-0.0007052322539190452,327.46547546386716,3.5373238643010456,0.14888250877459844,0.26119791666666664,163.69666035970053,924.0
25.0,512.1034605503082,512.0,-4.864157199859619,-222.747802734375,-19.05284881591797,0.0078125,4.0,-602.3579711914062,119.25,1420800.0,0.009137196528414885,539.8714569091796,3.5342972675959268,0.16088913703958194,0.298828125,269.90952657063804,925.0
26.0,534.7747731208801,512.0,-4.715526103973389,-212.6946258544922,-9.869202613830566,0.009765625,5.0,-479.5867980957031,101.2,1422336.0,-0.02290722175190846,280.63188985188805,3.538819106419881,0.08028075819214185,0.1759765625,140.25764923095704,926.0
27.0,557.7187113761902,512.0,-5.046651363372803,-212.589599609375,-24.79766273498535,0.0078125,4.0,-641.3277969360352,126.25,1423872.0,-0.005184950462232034,1567.0520426432292,3.5504812240600585,0.0694723545263211,0.240234375,783.4853312174479,927.0
28.0,583.3742680549622,512.0,-4.277669906616211,-216.38307189941406,-7.854650974273682,0.0078125,4.0,-495.9469528198242,105.5,1425408.0,-0.0007201509705434243,137.88677571614582,3.5490101019541425,0.12826244235038758,0.3,68.90717709859213,928.0
29.0,606.1963171958923,512.0,-4.230090618133545,-217.9676055908203,-7.458075046539307,0.0078125,4.0,-442.24315643310547,91.75,1426944.0,-0.011257845691094797,142.51227849324545,3.5445158163706463,0.1987205723921458,0.2982421875,71.20943705240886,929.0
30.0,624.4121978282928,512.0,-4.397310256958008,-217.6807861328125,-10.653303146362305,0.0078125,4.0,-547.0434265136719,121.5,1428480.0,0.020344708984096845,196.94935404459636,3.5498364925384522,0.16575125580032665,0.2568359375,98.45952326456705,930.0,-456.71949462890626,49.33272564964584,102.2,0.0,1.0,0.0,1.0
31.0,671.5161476135254,512.0,-4.380948543548584,-220.0626983642578,-9.249842643737793,0.0078125,4.0,-486.3870086669922,105.75,1430016.0,-0.012349310175826153,120.81803614298502,3.5611815134684246,0.12645899926622708,0.19615885416666667,60.361056391398115,931.0
32.0,695.7168405056,512.0,-3.832329511642456,-173.6712188720703,-8.752936363220215,0.005859375,3.0,-431.73523966471356,86.33333333333333,1431552.0,-0.01070048037605981,583.6620580037435,3.570746819178263,0.06876691083113352,0.24615885416666666,291.784619140625,932.0
33.0,718.432540178299,512.0,-4.0943732261657715,-215.8577117919922,-4.7430243492126465,0.0078125,4.0,-474.2322998046875,107.75,1433088.0,-0.020547787519171835,35.74190375010173,3.573226539293925,0.1175012294203043,0.2734375,17.814671993255615,933.0
34.0,736.1108696460724,512.0,-3.4481544494628906,-214.01129150390625,-8.28136157989502,0.00390625,2.0,-635.3305511474609,165.0,1434624.0,-0.010772750495622556,99.4201555887858,3.5728134155273437,0.11086308558781942,0.22291666666666668,49.66357638041178,934.0
35.0,754.8948259353638,512.0,-4.539142608642578,-215.9644775390625,-4.745967388153076,0.009765625,5.0,-459.0531372070312,100.2,1436160.0,-0.0026151678524911405,28.196947606404624,3.5734222809473675,0.06831919103860855,0.2158203125,14.060124365488688,935.0
36.0,773.2238953113556,512.0,-4.558593273162842,-214.5613555908203,-5.758870601654053,0.009765625,5.0,-466.2150817871094,102.2,1437696.0,-0.006110652815550566,55.45422617594401,3.574370288848877,0.10792584493756294,0.19869791666666667,27.68525848388672,936.0
37.0,790.7050049304962,512.0,-3.3679943084716797,-182.22727966308594,2.9502880573272705,0.005859375,3.0,-457.9994303385417,105.66666666666667,1439232.0,-0.007678640354424715,77.93103307088217,3.5706134557724,0.04983875049899022,0.18776041666666668,38.92213102976481,937.0
38.0,809.0005767345428,512.0,-4.188635349273682,-215.80763244628906,-6.424249172210693,0.0078125,4.0,-515.8356170654297,119.75,1440768.0,-0.015089946861068407,62.8561341603597,3.5727574110031126,0.15046265125274658,0.2884114583333333,31.37724978129069,938.0
39.0,831.7595002651215,512.0,-4.0687055587768555,-212.4676971435547,-4.463815689086914,0.0078125,4.0,-496.85560607910156,118.0,1442304.0,-0.01229184822489818,39.88508656819661,3.5810116052627565,0.09670541919767857,0.20240885416666668,19.89444128672282,939.0
40.0,866.329897403717,512.0,-4.3957133293151855,-218.16685485839844,-9.782959938049316,0.0078125,4.0,-523.128303527832,112.25,1443840.0,-0.017692396541436513,160.68499196370442,3.5853586355845133,0.22370073720812797,0.22688802083333334,80.28895009358725,940.0,-473.76484375,88.1308856661178,103.0,0.0,1.0,0.0,0.0
41.0,885.1335258483887,512.0,-4.363897800445557,-213.0226593017578,-10.135682106018066,0.0078125,4.0,-542.5105743408203,121.5,1445376.0,-0.01702261927227179,266.85633595784503,3.5848395903905232,0.184791782250007,0.20755208333333333,133.37529703776042,941.0
42.0,901.3386740684509,512.0,-3.7949914932250977,-216.8815460205078,-6.550877094268799,0.005859375,3.0,-613.5103963216146,157.0,1446912.0,-0.02190876645036042,62.74505729675293,3.5844192504882812,0.24973209351301193,0.26640625,31.314775403340658,942.0
43.0,941.697024345398,512.0,-3.5175304412841797,-181.92897033691406,-8.007015228271484,0.005859375,3.0,-543.41845703125,147.66666666666666,1448448.0,0.002315718246002992,398.9536458333333,3.592481517791748,0.26845452437798184,0.2365234375,199.443212890625,943.0
44.0,972.2774732112885,512.0,-3.080514669418335,-193.2392120361328,-5.5132880210876465,0.00390625,2.0,-749.6849975585938,239.5,1449984.0,-0.003981342570235332,277.3263107299805,3.5968509197235106,0.16661820312341055,0.20618489583333333,138.6232042948405,944.0
45.0,999.6072750091553,512.0,-3.632995843887329,-196.96246337890625,-9.671639442443848,0.00390625,2.0,-606.4061737060547,128.0,1451520.0,-0.013470513001084327,206.82650655110677,3.5950735251108807,0.36036456127961475,0.3094401041666667,103.3638323465983,945.0
46.0,1022.944322347641,512.0,-3.250274658203125,-196.4141845703125,-3.42050838470459,0.00390625,2.0,-574.6819915771484,144.5,1453056.0,-0.011757774588962397,131.8454729715983,3.598762265841166,0.20229503239194552,0.23984375,65.87499046325684,946.0
47.0,1054.332982301712,512.0,-4.350252151489258,-217.1202392578125,-7.2459564208984375,0.0078125,4.0,-417.79444122314453,85.75,1454592.0,-0.0020342557380596798,126.72004699707031,3.600816345214844,0.27655541300773623,0.2552083333333333,63.321981557210286,947.0
48.0,1084.0063948631287,512.0,-3.593465805053711,-195.2782440185547,-6.681060314178467,0.005859375,3.0,-588.2376403808594,160.0,1456128.0,-0.004271494348843893,195.26568145751952,3.600962527592977,0.31812542031208674,0.2784505208333333,97.59255828857422,948.0
49.0,1124.5515797138214,512.0,-4.5788092613220215,-220.11167907714844,-4.185877323150635,0.009765625,5.0,-466.09990844726565,101.4,1457664.0,-0.012513694788018863,22.61528148651123,3.604172682762146,0.2215220217903455,0.16178385416666666,11.259085273742675,949.0
50.0,1158.2192549705505,512.0,-2.235056161880493,-150.1305389404297,3.55373477935791,0.00390625,2.0,-395.4024200439453,190.0,1459200.0,0.02066722142820557,264.69349670410156,3.6049625873565674,0.2662642960747083,0.25169270833333335,132.33136494954428,950.0,-514.019873046875,182.82117334981808,118.8,0.0,1.0,0.0,0.0
51.0,1229.2386746406555,512.0,-3.851072311401367,-213.8099365234375,-7.811374664306641,0.005859375,3.0,-599.1543579101562,145.66666666666666,1460736.0,-0.009097292615721623,176.27561899820964,3.606431500116984,0.319846207400163,0.24244791666666668,88.09264806111653,951.0
52.0,1247.8761479854584,512.0,-1.2182332277297974,-99.58075714111328,2.0705618858337402,0.0,0.0,0.0,0.0,1462272.0,0.0005821110680699348,67.08094584147135,3.6102206389109295,0.059810862441857654,0.27975260416666664,33.50495249430339,952.0
53.0,1257.7395808696747,512.0,-3.89410138130188,-214.41943359375,-6.037748336791992,0.005859375,3.0,-524.8984578450521,118.33333333333333,1463808.0,-0.015190874924883246,85.7022933959961,3.61156964302063,0.11862198238571485,0.19622395833333334,42.799839909871416,953.0
54.0,1265.2046909332275,512.0,-2.2075388431549072,-115.92675018310547,-5.171787738800049,0.001953125,1.0,-397.6607971191406,67.0,1465344.0,-0.008294125304867823,130.27333552042643,3.6143327156702676,0.10380424745380878,0.2659505208333333,65.09222997029623,954.0
55.0,1273.1630136966705,512.0,-3.58516001701355,-197.6364288330078,-7.873912811279297,0.00390625,2.0,-469.5813293457031,103.5,1466880.0,-0.004378977526600162,165.14702911376952,3.61648903687795,0.333110386133194,0.3009765625,82.5329704284668,955.0
56.0,1282.499656677246,512.0,-4.478214740753174,-216.6306610107422,-2.4774467945098877,0.009765625,5.0,-440.9173217773438,95.4,1468416.0,-0.0072818931192159654,25.7326052347819,3.613114333152771,0.2372818221648534,0.226953125,12.822889582316082,956.0
57.0,1291.4320423603058,512.0,-2.5207362174987793,-175.27813720703125,-4.270290851593018,0.001953125,1.0,-333.79010009765625,55.0,1469952.0,-0.0023179789384206134,215.17923431396486,3.610452651977539,0.17374491145213444,0.2748046875,107.55119552612305,957.0
58.0,1302.4877712726593,512.0,-4.02725887298584,-221.1160125732422,-9.20560073852539,0.005859375,3.0,-578.4085591634115,126.66666666666667,1471488.0,-0.0140868346982946,163.75447514851888,3.6122241338094074,0.2125492369135221,0.22291666666666668,81.82702852884928,958.0
59.0,1310.2278032302856,512.0,-3.4097611904144287,-215.5658416748047,-6.535877704620361,0.00390625,2.0,-459.6764831542969,101.5,1473024.0,-0.009782189844797055,184.35712738037108,3.619825490315755,0.6087326427300771,0.24407552083333334,92.13258336385091,959.0
60.0,1318.6542682647705,512.0,-3.796438455581665,-227.7294464111328,-11.4927339553833,0.00390625,2.0,-559.1763458251953,115.0,1474560.0,-0.020232149182508388,138.48543370564778,3.6278233846028645,0.4373129705588023,0.21399739583333333,69.18620694478354,960.0,-1056.0294555664063,343.984821101004,345.8,0.0,0.8,0.2,0.0
61.0,1355.421954870224,512.0,-3.6794862747192383,-219.5460662841797,-3.2683849334716797,0.005859375,3.0,-611.1462198893229,164.0,1476096.0,-0.0047327253036201,41.971435928344725,3.6320233821868895,0.6598956724007924,0.2728515625,20.94466495513916,961.0
62.0,1363.3672497272491,512.0,-3.0290489196777344,-223.5323028564453,-6.42627477645874,0.001953125,1.0,-937.4000854492188,280.0,1477632.0,0.014466879268487295,52.13354276021322,3.634585388501485,0.9247937262058258,0.41360677083333336,26.044892183939616,962.0
63.0,1374.113933801651,512.0,-3.9543845653533936,-219.7210235595703,-8.681452751159668,0.005859375,3.0,-634.5939127604166,154.66666666666666,1479168.0,0.0181525313295424,140.30941619873047,3.6356894334157306,0.7473659515380859,0.3815104166666667,70.13650347391764,963.0
64.0,1394.2705914974213,512.0,-3.0594642162323,-224.1875762939453,-7.401618957519531,0.001953125,1.0,-1208.4202880859375,376.0,1480704.0,0.03412185654354592,60.77563552856445,3.63486225605011,0.8245669722557067,0.37669270833333335,30.385591252644858,964.0
65.0,1411.7695727348328,512.0,-2.9786243438720703,-217.8649139404297,-6.910238742828369,0.001953125,1.0,-1276.0252685546875,412.0,1482240.0,-0.011005141539499164,94.21190910339355,3.6390744765599568,0.8112313508987427,0.3729166666666667,47.05855859120687,965.0
66.0,1429.9177069664001,512.0,-3.5718071460723877,-225.08485412597656,-8.58749008178711,0.00390625,2.0,-817.7734680175781,220.0,1483776.0,0.0063551834784448145,103.96643346150717,3.64202618598938,0.5546022405227026,0.3056640625,51.953151830037434,966.0
67.0,1447.515427827835,512.0,-3.309109926223755,-214.8138427734375,-5.51643705368042,0.00390625,2.0,-844.2765197753906,255.0,1485312.0,0.0019728295349826417,150.30385564168293,3.641835117340088,0.6801713387171427,0.30325520833333336,75.11748326619467,967.0
68.0,1464.5928180217743,512.0,-4.526449203491211,-221.83509826660156,-1.8736945390701294,0.009765625,5.0,-448.9125061035156,96.8,1486848.0,0.012652195865909259,23.01956558227539,3.645197868347168,0.4912736972173055,0.3307291666666667,11.485983085632324,968.0
69.0,1483.649211883545,512.0,-3.5940611362457275,-215.0922393798828,-2.3897552490234375,0.005859375,3.0,-573.7608439127604,155.0,1488384.0,-0.005128012038767338,63.69598210652669,3.6499705712000527,0.4359493444363276,0.3376953125,31.806363360087076,969.0
70.0,1500.4659185409546,512.0,-3.1790783405303955,-209.6741180419922,-3.807830810546875,0.00390625,2.0,-755.1361694335938,233.0,1489920.0,0.010809978951389592,164.87133712768554,3.650339190165202,0.48237280050913495,0.36328125,82.4099749247233,970.0,-647.2011962890625,170.24266041144992,192.4,0.0,1.0,0.0,0.0
71.0,1548.8095436096191,512.0,-3.3843886852264404,-227.2914581298828,-3.7368009090423584,0.00390625,2.0,-660.6954345703125,169.5,1491456.0,0.03493451809821029,30.929984219868977,3.6487210432688397,1.1355405708154043,0.4874348958333333,15.463439337412517,971.0
72.0,1566.684767484665,512.0,-3.5006790161132812,-227.43052673339844,-6.290846347808838,0.00390625,2.0,-749.9024047851562,198.5,1492992.0,0.015549458221842845,55.47558492024739,3.6430300792058308,0.5159913023312886,0.38033854166666664,27.71691188812256,972.0
73.0,1584.6223089694977,512.0,-3.7615058422088623,-226.2662353515625,-2.926176071166992,0.005859375,3.0,-573.9459431966146,143.66666666666666,1494528.0,0.015993025712668897,21.945011393229166,3.6399861256281536,0.48868435819943745,0.36204427083333335,10.952099005381266,973.0
74.0,1601.4692072868347,512.0,-3.7487213611602783,-227.312255859375,-2.60233998298645,0.005859375,3.0,-561.0731302897135,138.66666666666666,1496064.0,0.05728404164935152,28.15897407531738,3.636697705586751,0.654856542746226,0.4728515625,14.100404071807862,974.0
75.0,1618.5296232700348,512.0,-3.6769216060638428,-202.2220001220703,-6.121269702911377,0.005859375,3.0,-607.0539347330729,162.33333333333334,1497600.0,0.01312709115445614,248.89124552408853,3.6339154958724977,0.2715289190411568,0.33125,124.4224131266276,975.0
76.0,1636.3181283473969,512.0,-4.145905017852783,-224.48968505859375,-1.6077321767807007,0.0078125,4.0,-497.5881576538086,115.75,1499136.0,0.013954593800008297,13.185503673553466,3.6316174348195394,0.18432755346099536,0.3507161458333333,6.570390272140503,976.0
77.0,1654.0416977405548,512.0,-2.992114305496216,-175.7264862060547,-9.608410835266113,0.001953125,1.0,-397.9679260253906,77.0,1500672.0,0.02560903402045369,289.8258585611979,3.6298988739649456,0.30920477012793224,0.41171875,144.90224049886066,977.0
78.0,1671.3151230812073,512.0,-3.581747055053711,-217.1819610595703,0.6509828567504883,0.005859375,3.0,-497.525634765625,119.66666666666667,1502208.0,0.00975674541356663,16.945398489634197,3.6289783318837485,0.23221490730841954,0.23450520833333333,8.446166133880615,978.0
79.0,1690.8330755233765,512.0,-2.384697198867798,-158.66416931152344,-0.1668863296508789,0.001953125,1.0,-536.2350463867188,123.0,1503744.0,0.17381420138602455,116.70943196614583,3.6173484086990357,0.6860462680459023,0.4748046875,58.492356872558595,979.0
80.0,1708.1966545581818,512.0,-3.4533355236053467,-225.4776611328125,-5.6084747314453125,0.00390625,2.0,-786.7701416015625,220.5,1505280.0,-0.0014598632541795572,77.48878580729166,3.606004548072815,0.5200849622488022,0.41966145833333335,38.70687268575033,980.0,-851.008349609375,348.8798927587793,265.4,0.0,1.0,0.0,0.0
81.0,1767.639591217041,512.0,-3.8353118896484375,-228.0085906982422,-3.188746690750122,0.005859375,3.0,-551.2448120117188,131.33333333333334,1506816.0,0.01144602163694799,24.990620040893553,3.6043322245279947,0.39249738256136574,0.3740234375,12.470712788899739,981.0
82.0,1813.8766884803772,512.0,-3.747177839279175,-222.12242126464844,-3.205322504043579,0.005859375,3.0,-621.0613403320312,163.66666666666666,1508352.0,0.032212945073843,25.598360315958658,3.6066500027974446,0.6978606343269348,0.4244140625,12.79532658259074,982.0
83.0,1860.2816841602325,512.0,-3.802856206893921,-228.4817657470703,-2.696626663208008,0.005859375,3.0,-584.9532674153646,146.66666666666666,1509888.0,0.047124337886149684,14.764568360646566,3.6097933133443196,0.7014128605524699,0.4471354166666667,7.393310594558716,983.0
84.0,1907.0148930549622,512.0,-3.468125104904175,-219.4484405517578,-4.148652076721191,0.00390625,2.0,-529.195068359375,127.0,1511424.0,0.0025308226390431325,54.51297276814778,3.608853586514791,0.6668961584568024,0.40110677083333335,27.222928682963055,984.0
85.0,1953.9680712223053,512.0,-3.7994461059570312,-221.56837463378906,-3.753070116043091,0.005859375,3.0,-568.1909383138021,139.66666666666666,1512960.0,0.004061650267491738,74.62200965881348,3.6066492636998495,0.4632874886194865,0.3494791666666667,37.2789997736613,985.0
86.0,2000.2299010753632,512.0,-2.866260528564453,-157.99085998535156,-0.7159354090690613,0.00390625,2.0,-408.7394714355469,85.5,1514496.0,-0.0050274790885547795,134.9344502766927,3.603733436266581,0.23995181520779926,0.2884114583333333,67.42616055806478,986.0
87.0,2048.1930561065674,512.0,-3.715635299682617,-230.18853759765625,-8.543228149414062,0.00390625,2.0,-633.0162048339844,157.0,1516032.0,0.011930121419330439,144.51595230102538,3.600326903661092,0.6056314865748088,0.4188151041666667,72.23390261332194,987.0
88.0,2095.112222671509,512.0,-2.6425416469573975,-167.56393432617188,5.074742794036865,0.00390625,2.0,-453.2946014404297,103.0,1517568.0,-0.012397567291433613,82.15402552286784,3.5945281902949016,0.3056743830442429,0.22897135416666667,41.028669865926105,988.0
89.0,2140.000673532486,512.0,-3.9597556591033936,-218.7618408203125,-7.944812774658203,0.005859375,3.0,-645.5016784667969,158.33333333333334,1519104.0,-0.007473013208558162,374.1380167643229,3.5900776545206705,0.34917388012011846,0.3421875,187.02563018798827,989.0
90.0,2186.478846549988,512.0,-3.2403576374053955,-206.354248046875,0.919854462146759,0.00390625,2.0,-543.2268676757812,135.0,1520640.0,-0.0014352038192252318,39.693779881795244,3.5925397634506226,0.43723121881484983,0.37356770833333336,19.809529304504395,990.0,-712.0321105957031,420.30618325740755,290.8,0.0,0.6,0.4,0.0
91.0,2366.9744415283203,512.0,-4.204376220703125,-225.5343780517578,-1.813271164894104,0.0078125,4.0,-495.0785369873047,110.5,1522176.0,-0.0046043266542255875,27.546432050069175,3.597904896736145,0.3935052494208018,0.28313802083333334,13.732632605234782,991.0
92.0,2415.9479444026947,512.0,-4.511291980743408,-230.84149169921875,-7.270181179046631,0.0078125,4.0,-557.2506103515625,120.5,1523712.0,0.026582706440240144,431.7271499633789,3.6035956303278605,0.6993060012658437,0.3668619791666667,215.85412012736003,992.0
93.0,2465.3022220134735,512.0,-3.5905659198760986,-217.035888671875,-0.1176520586013794,0.005859375,3.0,-525.8791910807291,136.66666666666666,1525248.0,0.004222286989291509,54.17634264628092,3.6049798409144085,0.7844659725824992,0.3294921875,27.056344095865885,993.0
94.0,2514.05216217041,512.0,-3.604750871658325,-197.7535400390625,-4.9621262550354,0.005859375,3.0,-591.1707560221354,161.66666666666666,1526784.0,0.017561405462523303,300.4321782430013,3.6109559218088787,0.5086603502432505,0.376171875,150.1975420633952,994.0
95.0,2561.3948771953583,512.0,-4.529027938842773,-230.7563018798828,-7.374387264251709,0.0078125,4.0,-523.5309753417969,106.25,1528320.0,0.008437625070412954,194.49256947835286,3.612452586491903,1.0658991058667502,0.33294270833333334,97.21859664916992,995.0
96.0,2614.595376253128,512.0,-3.650738477706909,-197.97735595703125,-5.367910861968994,0.005859375,3.0,-527.9698486328125,135.33333333333334,1529856.0,0.021806464483961462,265.9658579508463,3.6131881952285765,0.6907418211301167,0.3883463541666667,132.96860097249348,996.0
97.0,2669.8386273384094,512.0,-3.8896312713623047,-203.578857421875,-9.923866271972656,0.005859375,3.0,-659.2749938964844,169.0,1531392.0,0.0003678466814259688,349.6028330485026,3.6159525871276856,0.6517367660999298,0.24674479166666666,174.7656244913737,997.0
98.0,2722.4707820415497,512.0,-4.190950870513916,-222.5784454345703,-2.817143678665161,0.0078125,4.0,-505.9325256347656,115.75,1532928.0,-0.0033221391805758078,54.83339576721191,3.6167249202728273,0.6218034307161967,0.3206380208333333,27.377208455403647,998.0
99.0,2775.054745197296,512.0,-4.521307945251465,-226.4547576904297,-7.675668239593506,0.0078125,4.0,-501.42430877685547,97.0,1534464.0,0.0006545923029383023,481.70533142089846,3.620824186007182,0.3719615191221237,0.25286458333333334,240.81711044311524,999.0
100.0,2827.5399518013,512.0,-4.82401704788208,-237.22930908203125,-20.958988189697266,0.005859375,3.0,-663.7535909016927,141.33333333333334,1536000.0,-0.008940490490446488,998.9698079427084,3.6259504397710165,0.5360631932814915,0.270703125,499.43971150716146,1000.0,-815.9209777832032,367.08677925515815,302.2,0.0,0.6,0.4,0.0
101.0,3025.7291843891144,512.0,-4.4788312911987305,-228.3729248046875,-7.3291144371032715,0.0078125,4.0,-548.1464996337891,118.0,1537536.0,-0.010336385139574607,235.70638020833334,3.628560177485148,0.3778255412975947,0.30266927083333334,117.80656916300455,1001.0
102.0,3080.1354072093964,512.0,-3.749490737915039,-223.7540740966797,-2.9006636142730713,0.005859375,3.0,-623.3150736490885,164.33333333333334,1539072.0,-0.015841205480198066,36.63869864145915,3.6341215054194134,0.5754712879657745,0.357421875,18.267167154947916,1002.0
103.0,3136.0912289619446,512.0,-3.8698318004608154,-213.2971954345703,-7.341668605804443,0.005859375,3.0,-636.1355183919271,160.66666666666666,1540608.0,-0.0024068407714366914,353.6501881917318,3.6361103375752766,0.3589533572395643,0.3152994791666667,176.78632609049478,1003.0
104.0,3190.868785381317,512.0,-3.9006474018096924,-209.00950622558594,-8.570453643798828,0.005859375,3.0,-619.2729288736979,152.66666666666666,1542144.0,0.005566991027444601,269.6688944498698,3.641696071624756,0.23967972348133723,0.31927083333333334,134.8035992940267,1004.0
105.0,3244.75373005867,512.0,-3.717508316040039,-216.5028839111328,-3.631035804748535,0.005859375,3.0,-616.3589172363281,163.33333333333334,1543680.0,0.00965555819372336,65.73778063456217,3.6373155037562053,0.3990628918011983,0.32578125,32.842172876993814,1005.0
106.0,3298.2002544403076,512.0,-4.2530975341796875,-228.6767578125,-2.700037717819214,0.0078125,4.0,-499.8226013183594,111.25,1545216.0,0.002670430298894644,45.389037195841475,3.6341952721277875,0.3320254584153493,0.28802083333333334,22.66084705988566,1006.0
107.0,3312.460926055908,512.0,-4.173315048217773,-227.97271728515625,-1.1230831146240234,0.0078125,4.0,-502.8560104370117,115.5,1546752.0,-0.012157815073927243,18.76804033915202,3.6326306184132893,0.3713782101869583,0.26022135416666664,9.335536019007366,1007.0
108.0,3317.194284915924,512.0,-4.189663410186768,-227.11338806152344,-1.876782774925232,0.0078125,4.0,-497.39916229248047,113.0,1548288.0,-0.002812049351632595,42.922141520182294,3.637203248341878,0.4089125821987788,0.3498046875,21.42188638051351,1008.0
109.0,3321.8965599536896,512.0,-4.824731349945068,-243.00572204589844,-11.114249229431152,0.0078125,4.0,-574.863166809082,112.5,1549824.0,-0.02131924411902825,1091.258457438151,3.641076985994975,0.6500109533468882,0.3192057291666667,545.5714975992838,1009.0
110.0,3327.190386533737,512.0,-4.47768497467041,-238.7027587890625,-4.465827465057373,0.0078125,4.0,-483.31591796875,99.0,1551360.0,-0.0017091166693717242,46.36907717386882,3.6456413745880125,0.1673493802547455,0.160546875,23.146373112996418,1010.0,-429.1604370117187,3.200982579970379,85.8,0.0,1.0,0.0,1.0
111.0,3342.7872676849365,512.0,-4.748495578765869,-235.0540771484375,-1.6353873014450073,0.009765625,5.0,-476.1914916992188,98.4,1552896.0,0.005830503720790148,33.7231450398763,3.6458146890004475,0.044325738896926245,0.18639322916666667,16.830945014953613,1011.0
112.0,3353.27591919899,512.0,-4.656457424163818,-231.6565399169922,-0.38674119114875793,0.009765625,5.0,-457.15399169921875,94.8,1554432.0,0.005248503293842077,13.101191997528076,3.6466590642929075,0.08520109802484513,0.17447916666666666,6.519377915064494,1012.0
113.0,3365.2060163021088,512.0,-4.807877063751221,-236.6818084716797,-2.252884864807129,0.009765625,5.0,-488.0552917480469,100.8,1555968.0,-0.0032920864100257556,36.37307306925456,3.645399832725525,0.22315854330857596,0.25234375,18.14679037729899,1013.0
114.0,3375.1676750183105,512.0,-4.83690881729126,-237.913818359375,-2.1420886516571045,0.009765625,5.0,-459.8667724609375,89.6,1557504.0,0.0015826972822348276,40.251892471313475,3.6387808163960775,0.021636631972311686,0.19505208333333332,20.0911408106486,1014.0
115.0,3384.1489984989166,512.0,-4.716282367706299,-234.75633239746094,-0.3511488735675812,0.009765625,5.0,-446.7460876464844,88.8,1559040.0,-0.0004940916163225969,20.13485482533773,3.633597215016683,0.021167316093730428,0.23014322916666666,10.030597432454426,1015.0
116.0,3396.3905651569366,512.0,-4.73295259475708,-235.4039764404297,-0.5215638279914856,0.009765625,5.0,-452.6785522460938,90.4,1560576.0,-0.00513503992309173,18.728542772928872,3.631846062342326,0.025739179582645495,0.1224609375,9.322817834218343,1016.0
117.0,3407.5336883068085,512.0,-4.703294277191162,-233.416259765625,-0.618328869342804,0.009765625,5.0,-473.3691345214844,99.2,1562112.0,-0.003653566042582194,13.499207369486491,3.626123476028442,0.2125293513139089,0.16673177083333332,6.709688838322958,1017.0
118.0,3419.5602729320526,512.0,-4.59031343460083,-228.8148193359375,0.7217237949371338,0.009765625,5.0,-463.3726806640625,99.8,1563648.0,0.007072288744772474,7.2114415486653645,3.6135600328445436,0.09655311691264311,0.21510416666666668,3.57665745417277,1018.0
119.0,3424.393811225891,512.0,-4.943665504455566,-243.626708984375,-11.916455268859863,0.0078125,4.0,-585.9783401489258,109.5,1565184.0,-0.01944604415136079,987.0921193440755,3.611141586303711,0.3639508992433548,0.28782552083333335,493.4905034383138,1019.0
120.0,3429.0805094242096,512.0,-4.679880619049072,-231.5814666748047,-0.3084784746170044,0.009765625,5.0,-461.7061401367188,95.4,1566720.0,-0.010292179323732853,13.569585037231445,3.618216896057129,0.138270802795887,0.20286458333333332,6.738318204879761,1020.0,-441.85223388671875,12.964950123801946,89.6,0.0,1.0,0.0,0.0
121.0,3437.6810340881348,512.0,-4.942210674285889,-235.9664306640625,-4.770158290863037,0.009765625,5.0,-488.7919921875,95.4,1568256.0,-0.007474150663862626,324.0532155354818,3.6288478851318358,0.07716158293187618,0.17532552083333333,161.98284606933595,1021.0
122.0,3442.4313797950745,512.0,-4.676468372344971,-230.2218017578125,-0.801887571811676,0.009765625,5.0,-470.646923828125,99.2,1569792.0,-0.02014501312126716,31.15133616129557,3.6396307229995726,0.17477457548181216,0.1943359375,15.519126796722412,1022.0
123.0,3446.9054656028748,512.0,-4.546601295471191,-232.73321533203125,-6.666746139526367,0.0078125,4.0,-555.2920837402344,116.75,1571328.0,-0.020138781781618795,145.0952896118164,3.6424329837163287,0.3074295073747635,0.25299479166666666,72.49108187357585,1023.0
124.0,3451.458690881729,512.0,-4.707050800323486,-240.0574188232422,-8.446183204650879,0.0078125,4.0,-568.4737777709961,115.25,1572864.0,-0.010786591252932945,234.8743133544922,3.6450861136118573,0.32564682761828107,0.2764973958333333,117.38991902669271,1024.0
125.0,3455.980875015259,512.0,-4.323445796966553,-232.9963836669922,-2.287679433822632,0.0078125,4.0,-529.0505294799805,118.0,1574400.0,-0.018497167682896058,48.987824249267575,3.6517848571141562,0.2603215311964353,0.2275390625,24.43889700571696,1025.0
126.0,3460.5051641464233,512.0,-4.680622100830078,-230.8113555908203,-0.694884717464447,0.009765625,5.0,-477.07432250976564,101.6,1575936.0,-0.022507388641436896,28.621358235677082,3.6551954984664916,0.499085463086764,0.3,14.251619784037272,1026.0
127.0,3465.1029517650604,512.0,-4.272242069244385,-231.312744140625,-1.0070689916610718,0.0078125,4.0,-487.1986770629883,106.75,1577472.0,-0.007783419794092575,13.881514994303386,3.6549652655919393,0.32240694264570874,0.2791015625,6.896424436569214,1027.0
128.0,3469.694716691971,512.0,-4.377981185913086,-236.4624786376953,-1.9904788732528687,0.0078125,4.0,-503.20970153808594,106.5,1579008.0,-0.015141430807610353,24.940567334493,3.6523228089014688,0.41349670390288035,0.2647786458333333,12.418618965148926,1028.0
129.0,3474.3959572315216,512.0,-4.773560047149658,-237.2369842529297,-0.8351607322692871,0.009765625,5.0,-475.50396118164065,97.2,1580544.0,0.018217056741317114,37.68094882965088,3.6533260265986125,0.6334562659263611,0.2859375,18.82215824127197,1029.0
130.0,3478.8943054676056,512.0,-4.4151482582092285,-237.9173126220703,-3.0198230743408203,0.0078125,4.0,-520.0669174194336,111.0,1582080.0,-0.017418928816914557,33.65083961486816,3.646199409166972,0.6031388133764267,0.271484375,16.77153870264689,1030.0,-455.6235717773437,9.367561580117934,94.6,0.0,1.0,0.0,0.0
131.0,3487.3410041332245,512.0,-4.421629905700684,-239.5619354248047,-2.6781952381134033,0.0078125,4.0,-555.1107330322266,123.75,1583616.0,-0.01006863194828232,22.472288004557292,3.6315465529759723,1.174845298131307,0.33828125,11.18976001739502,1031.0
132.0,3491.9830372333527,512.0,-4.427389144897461,-238.0313262939453,-3.377337694168091,0.0078125,4.0,-493.0464859008789,100.25,1585152.0,0.0057945662876591085,112.28820877075195,3.6268158753712973,1.0060870468616485,0.31536458333333334,56.113630549112955,1032.0
133.0,3496.5619308948517,512.0,-4.7130255699157715,-239.7704620361328,-8.69188404083252,0.0078125,4.0,-584.1099166870117,120.25,1586688.0,-0.025486711350580057,593.5938181559245,3.6284589767456055,0.6057244588931402,0.25221354166666665,296.73513946533205,1033.0
134.0,3501.0812768936157,512.0,-4.440744876861572,-237.1318817138672,-3.816067934036255,0.0078125,4.0,-524.4489135742188,112.0,1588224.0,-0.007907494499037663,77.78423296610514,3.630617785453796,0.6477760036786397,0.3175130208333333,38.84790274302165,1034.0
135.0,3505.6661207675934,512.0,-4.362619876861572,-237.6645965576172,-1.3753381967544556,0.0078125,4.0,-517.2757797241211,111.25,1589760.0,0.002946833645304044,53.96383463541667,3.6282355070114134,0.892073384920756,0.3631510416666667,26.948581886291503,1035.0
136.0,3510.193125486374,512.0,-4.1706156730651855,-228.71075439453125,-0.09456348419189453,0.0078125,4.0,-514.6594543457031,120.25,1591296.0,-0.029922164774810276,24.784089533487954,3.6234413623809814,0.5181920876105627,0.3030598958333333,12.32588815689087,1036.0
137.0,3514.8332929611206,512.0,-4.049051284790039,-233.3030548095703,-5.639328479766846,0.005859375,3.0,-625.7904154459635,144.66666666666666,1592832.0,0.004277494332442681,123.26480636596679,3.6260156631469727,1.1216304878393808,0.3565755208333333,61.600420506795246,1037.0
138.0,3519.3960320949554,512.0,-3.791677474975586,-234.1888885498047,-0.7699163556098938,0.005859375,3.0,-547.5361328125,133.33333333333334,1594368.0,-0.01385398032143712,19.869094880421958,3.6343255917231243,0.8778466820716858,0.3423828125,9.884350220362345,1038.0
139.0,3523.917736053467,512.0,-4.057009220123291,-234.8744659423828,-5.885810375213623,0.005859375,3.0,-659.9823303222656,157.0,1595904.0,-0.006267869239673018,165.15068613688152,3.6314611037572226,0.9497924526532491,0.39694010416666664,82.53275985717774,1039.0
140.0,3528.490880012512,512.0,-4.0000505447387695,-234.1398162841797,-5.256163120269775,0.005859375,3.0,-585.1377461751302,132.0,1597440.0,-0.007811803898463646,128.02646865844727,3.63100167910258,0.6061804781357447,0.37766927083333335,63.96911226908366,1040.0,-486.7619567871094,39.94857117101731,102.4,0.0,1.0,0.0,0.0
141.0,3537.2834939956665,512.0,-3.776031494140625,-223.1589813232422,-2.621025562286377,0.005859375,3.0,-611.2321166992188,156.66666666666666,1598976.0,-0.006541426510860523,74.80664647420248,3.6277570883433023,0.30865610142548877,0.22858072916666666,37.360504086812334,1041.0
142.0,3541.7599828243256,512.0,-4.283414840698242,-233.2097625732422,-1.2924448251724243,0.0078125,4.0,-523.3137588500977,117.25,1600512.0,-0.018523748801089823,39.86588217417399,3.6247705539067585,1.059224929412206,0.35078125,19.87816966374715,1042.0
143.0,3546.3266665935516,512.0,-4.493192195892334,-234.5270233154297,-5.667893886566162,0.0078125,4.0,-564.9580612182617,124.0,1602048.0,0.03061047410592437,147.57744344075522,3.624742046991984,1.5823757807413736,0.34934895833333335,73.78308410644532,1043.0
144.0,3550.8845324516296,512.0,-3.91876220703125,-231.75453186035156,-3.5028133392333984,0.005859375,3.0,-602.7243957519531,147.66666666666666,1603584.0,0.008958355865130822,50.7529301961263,3.6289590120315554,1.479736574490865,0.3216145833333333,25.3491335550944,1044.0
145.0,3555.469993829727,512.0,-5.302292346954346,-251.9154052734375,-18.474639892578125,0.0078125,4.0,-674.6409530639648,126.5,1605120.0,-0.015589989783863226,1459.2448160807292,3.6308429559071858,2.3213895559310913,0.3177083333333333,729.5705037434896,1045.0
146.0,3559.991532802582,512.0,-5.143100261688232,-243.39471435546875,-17.004180908203125,0.0078125,4.0,-643.1715850830078,122.0,1606656.0,-0.033914116056015096,1105.176092529297,3.632064112027486,0.6742819746335348,0.19869791666666667,552.5178131103515,1046.0
147.0,3564.471841812134,512.0,-4.499685287475586,-231.83836364746094,-6.257293224334717,0.0078125,4.0,-562.2923812866211,122.5,1608192.0,0.006074060903241237,434.11124420166016,3.6308643500010174,0.8289070367813111,0.2728515625,217.02538579305013,1047.0
148.0,3568.9558475017548,512.0,-3.9680826663970947,-240.0507354736328,-2.513129949569702,0.005859375,3.0,-568.0344645182291,133.66666666666666,1609728.0,0.09483970558891694,29.422751744588215,3.6296910285949706,3.075777784983317,0.452734375,14.769918537139892,1048.0
149.0,3573.5374591350555,512.0,-3.9335854053497314,-240.9580078125,-1.508614182472229,0.005859375,3.0,-565.4028828938802,134.33333333333334,1611264.0,0.1209803968667984,25.318040084838866,3.630602407455444,4.202739516894023,0.5526041666666667,12.74369436899821,1049.0
150.0,3578.073294401169,512.0,-3.9085540771484375,-240.8719482421875,-1.6860615015029907,0.005859375,3.0,-620.0772501627604,153.33333333333334,1612800.0,0.1532789247731368,23.49860445658366,3.6374857981999713,4.1331859985987345,0.621484375,11.86620626449585,1050.0,-496.5816955566406,58.64883226960119,105.4,0.0,1.0,0.0,0.0
151.0,3587.1380178928375,512.0,-3.8940343856811523,-238.3798370361328,-1.7351666688919067,0.005859375,3.0,-638.2828369140625,160.33333333333334,1614336.0,0.13810792453587056,27.669254875183107,3.6411949396133423,3.554826045036316,0.5630859375,13.936323356628417,1051.0
152.0,3591.6531596183777,512.0,-4.02609395980835,-225.7621612548828,3.091257333755493,0.0078125,4.0,-446.46419525146484,102.0,1615872.0,0.010945386812090873,21.26736570994059,3.63903272151947,1.0188060720761618,0.3150390625,10.608237965901692,1052.0
153.0,3596.2093555927277,512.0,-4.7675628662109375,-232.6365966796875,-2.2984604835510254,0.009765625,5.0,-481.07794799804685,99.6,1617408.0,0.008144689351320266,130.25872319539388,3.6390565554300944,1.7506452719370524,0.36725260416666666,65.10111541748047,1053.0
154.0,3600.7448160648346,512.0,-4.562821865081787,-243.63148498535156,-14.206456184387207,0.005859375,3.0,-689.5520222981771,139.33333333333334,1618944.0,0.02103024587656061,374.93628743489586,3.642506496111552,1.7413906375567119,0.3556640625,187.45275065104167,1054.0
155.0,3605.3179593086243,512.0,-4.897292613983154,-241.5107879638672,-12.381482124328613,0.0078125,4.0,-611.653923034668,121.75,1620480.0,0.011399302317295223,966.1378356933594,3.642964728673299,1.305404281616211,0.3185546875,483.04388020833335,1055.0
156.0,3609.852552175522,512.0,-4.915700912475586,-249.4437255859375,-19.25278091430664,0.005859375,3.0,-756.7554829915365,134.0,1622016.0,0.010223362408578397,1800.537178548177,3.642907667160034,1.6046946803728739,0.34641927083333335,900.2423889160157,1056.0
157.0,3614.4235503673553,512.0,-4.2491583824157715,-235.80686950683594,-9.721510887145996,0.005859375,3.0,-689.8353881835938,155.33333333333334,1623552.0,-0.00993222367639343,216.30097401936848,3.6394794940948487,1.4906895319620768,0.3631510416666667,108.10416132609049,1057.0
158.0,3619.002133131027,512.0,-4.015815258026123,-234.0841827392578,-4.247188091278076,0.005859375,3.0,-551.1403299967448,125.0,1625088.0,0.00861201152826349,84.09391835530599,3.639087136586507,1.5514376282691955,0.32858072916666664,42.01918004353841,1058.0
159.0,3623.533575296402,512.0,-4.319284915924072,-235.26100158691406,-1.3886260986328125,0.0078125,4.0,-499.61185455322266,108.0,1626624.0,-0.018054400958741706,74.4748524983724,3.6354984521865843,2.7395480553309124,0.3396484375,37.18301690419515,1059.0
160.0,3627.994810819626,512.0,-4.695756912231445,-230.3842315673828,-1.2043602466583252,0.009765625,5.0,-468.1531188964844,97.2,1628160.0,-0.034897259902209044,88.83838946024576,3.6264264504114787,0.4691211462020874,0.21595052083333333,44.34803345998128,1060.0,-440.6089599609375,18.097391632730087,94.0,0.0,1.0,0.0,0.0
161.0,3636.3614790439606,512.0,-4.253670692443848,-232.6583709716797,-0.8824642300605774,0.0078125,4.0,-487.68091583251953,107.25,1629696.0,-0.013489014220734436,33.90195102691651,3.619067104657491,2.223731255531311,0.31002604166666664,16.901295757293703,1061.0
162.0,3640.8438239097595,512.0,-4.310856342315674,-238.46510314941406,-0.5784193873405457,0.0078125,4.0,-509.7896728515625,111.75,1631232.0,0.02536617126315832,39.67575238545736,3.6168978452682494,3.465546727180481,0.430078125,19.827073351542154,1062.0
163.0,3645.3180770874023,512.0,-4.97902250289917,-243.74066162109375,-13.452064514160156,0.0078125,4.0,-617.5914688110352,119.75,1632768.0,-0.026333512334773938,692.8308573404948,3.6130345424016315,1.8722522894541422,0.34479166666666666,346.3529607137044,1063.0
164.0,3649.7628502845764,512.0,-4.696225643157959,-240.958740234375,-8.15137004852295,0.0078125,4.0,-483.83905029296875,99.75,1634304.0,-0.012343365652486681,387.4790344238281,3.6122154235839843,2.860709071159363,0.35553385416666666,193.69105122884113,1064.0
165.0,3654.454991340637,512.0,-4.789963722229004,-240.8259735107422,-10.293978691101074,0.0078125,4.0,-604.794319152832,124.75,1635840.0,-4.4884874174992247e-05,217.4209950764974,3.6058488925298056,2.521895988782247,0.3423828125,108.67439244588216,1065.0
166.0,3659.1327521800995,512.0,-4.208413600921631,-231.1734161376953,0.513272762298584,0.0078125,4.0,-467.7759017944336,103.5,1637376.0,-0.010410442529246212,38.44340674082438,3.603043301900228,1.239796221256256,0.29830729166666664,19.175262705485025,1066.0
167.0,3663.7737307548523,512.0,-5.07211446762085,-236.33489990234375,-7.501258850097656,0.009765625,5.0,-510.4178527832031,98.8,1638912.0,-0.02630549365033706,364.3124104817708,3.5996060768763223,0.6845794975757599,0.24453125,182.09390258789062,1067.0
168.0,3668.459858417511,512.0,-4.70038366317749,-238.9466094970703,-8.337051391601562,0.0078125,4.0,-562.0938873291016,111.75,1640448.0,-0.0135166444350034,393.343728129069,3.5989051342010496,1.5046277523040772,0.3056640625,196.62235539754232,1068.0
169.0,3673.0963068008423,512.0,-5.2932868003845215,-241.6655731201172,-10.969993591308594,0.01171875,6.0,-451.6937713623047,85.33333333333333,1641984.0,-0.017179848160594702,489.697758992513,3.603720855712891,1.0257323304812114,0.20625,244.79566040039063,1069.0
170.0,3677.830204486847,512.0,-5.083975315093994,-237.73866271972656,-7.672770023345947,0.009765625,5.0,-517.3563842773438,101.2,1643520.0,-0.018441827734932303,339.1096700032552,3.613077934583028,0.7182463705539703,0.27350260416666666,169.50025990804036,1070.0,-431.8412170410156,12.261989655225756,87.8,0.0,1.0,0.0,0.0
171.0,3686.4457926750183,512.0,-4.687466144561768,-232.3065948486328,-0.1894674301147461,0.009765625,5.0,-450.00616455078125,90.2,1645056.0,-0.029964173802485068,79.43841514587402,3.6132517655690513,0.9372822741667429,0.22291666666666668,39.65311069488526,1071.0
172.0,3691.2500009536743,512.0,-4.9918060302734375,-236.70111083984375,-5.442566394805908,0.009765625,5.0,-474.9306640625,88.8,1646592.0,-0.026789022982120513,421.90323130289715,3.6092212120691936,0.5214044233163198,0.17194010416666666,210.88873545328775,1072.0
173.0,3695.9881026744843,512.0,-4.575333595275879,-229.48516845703125,1.2658029794692993,0.009765625,5.0,-434.9761108398437,90.2,1648128.0,-0.014615738205611706,13.999553044637045,3.609723941485087,0.2392991803586483,0.17180989583333334,6.949063603083292,1073.0
174.0,3700.7904880046844,512.0,-4.743339538574219,-232.76611328125,-1.1054118871688843,0.009765625,5.0,-455.9973388671875,91.0,1649664.0,-0.019537892922138176,42.02638257344564,3.608251174290975,0.7417299012343089,0.25774739583333334,20.9575709660848,1074.0
175.0,3705.695363521576,512.0,-4.502853870391846,-226.36830139160156,1.4464813470840454,0.009765625,5.0,-434.0339050292969,91.8,1651200.0,0.011666428918639818,12.703048547108969,3.607127642631531,0.9344173491001129,0.20677083333333332,6.327119461695353,1075.0
176.0,3710.480548143387,512.0,-4.495795726776123,-227.2787322998047,2.1789662837982178,0.009765625,5.0,-425.3264526367187,89.0,1652736.0,0.012921908497810363,15.932936032613119,3.59861421585083,0.8064001599947611,0.23138020833333334,7.943403752644857,1076.0
177.0,3715.372017145157,512.0,-4.5418267250061035,-226.5642547607422,0.8030123710632324,0.009765625,5.0,-451.17396240234376,96.6,1654272.0,0.007019945327192545,17.245540396372476,3.589905325571696,0.6742419560750326,0.2727864583333333,8.59389098485311,1077.0
178.0,3720.2012293338776,512.0,-4.930967807769775,-230.8799285888672,-6.302879333496094,0.009765625,5.0,-504.34612426757815,102.2,1655808.0,-0.015661823190748693,125.5706303914388,3.5932288646697996,0.6063084840774536,0.23138020833333334,62.73372116088867,1078.0
179.0,3725.00608587265,512.0,-5.0707221031188965,-234.95848083496094,-8.054215431213379,0.009765625,5.0,-510.2370239257813,98.8,1657344.0,-0.015825720007220902,718.9082875569661,3.595088481903076,0.8711125314235687,0.2474609375,359.40236612955727,1079.0
180.0,3729.8840708732605,512.0,-5.261917591094971,-240.6672821044922,-10.413965225219727,0.009765625,5.0,-516.9426818847656,93.2,1658880.0,-0.01296627235909303,823.6076578776042,3.58922913869222,1.2171207904815673,0.25481770833333334,411.754970296224,1080.0,-463.1283264160156,23.625902600524043,93.6,0.0,1.0,0.0,0.0
181.0,3738.729624271393,512.0,-4.867323398590088,-233.4971160888672,-3.675551652908325,0.009765625,5.0,-467.6441223144531,90.2,1660416.0,-0.027570335039248068,105.92404810587566,3.5855780124664305,1.0163829485575357,0.27532552083333334,52.898597717285156,1081.0
182.0,3743.4603099823,512.0,-4.372954845428467,-235.7385711669922,-2.0515782833099365,0.0078125,4.0,-490.01637268066406,101.5,1661952.0,0.028044663773228725,39.108005078633624,3.5900774796803794,2.3985306938489277,0.38873697916666666,19.546146615346274,1082.0
183.0,3747.993066549301,512.0,-4.5037360191345215,-235.568603515625,-4.409692287445068,0.0078125,4.0,-514.244010925293,103.5,1663488.0,0.011355217453092337,398.9009145100911,3.59212228457133,2.258728297551473,0.3932291666666667,199.42589111328124,1083.0
184.0,3752.6172020435333,512.0,-4.6439995765686035,-232.3765106201172,0.3329911530017853,0.009765625,5.0,-469.78306274414064,100.2,1665024.0,0.029070992674678563,19.325353304545086,3.5916340589523315,2.6156263907750446,0.36223958333333334,9.655831400553385,1084.0
185.0,3757.24311375618,512.0,-4.635379314422607,-231.29498291015625,0.09716907888650894,0.009765625,5.0,-465.64140625,98.8,1666560.0,0.05990805607289076,13.87637898127238,3.5921451965967814,1.8635814865430196,0.37395833333333334,6.962176084518433,1085.0
186.0,3761.875752687454,512.0,-5.146890163421631,-239.6879425048828,-8.351200103759766,0.009765625,5.0,-522.3294250488282,100.6,1668096.0,-0.0004887344781309366,743.3353820800781,3.5977792819341023,2.735392713546753,0.3338541666666667,371.6312255859375,1086.0
187.0,3766.566140651703,512.0,-4.240194797515869,-228.6717987060547,-0.6646057963371277,0.0078125,4.0,-487.3272705078125,105.75,1669632.0,-0.012078986270353198,34.350073941548665,3.6018707116444904,1.902323321501414,0.31783854166666664,17.126939328511558,1087.0
188.0,3771.1669049263,512.0,-4.159564971923828,-232.48097229003906,0.6041068434715271,0.0078125,4.0,-488.9468078613281,110.0,1671168.0,-0.00717382188886404,13.370228385925293,3.6082460562388103,1.9783094763755797,0.3435546875,6.6418579578399655,1088.0
189.0,3775.8624863624573,512.0,-4.244213581085205,-231.4027862548828,-1.203348159790039,0.0078125,4.0,-512.2238311767578,115.75,1672704.0,0.019590163122241697,14.417692597707113,3.6110708951950072,2.1243237336476644,0.3337890625,7.192325719197592,1089.0
190.0,3780.6453189849854,512.0,-4.243520736694336,-230.20916748046875,-0.9881346225738525,0.0078125,4.0,-501.5322723388672,111.0,1674240.0,0.009120385892068346,21.821149190266926,3.6122509320576985,1.748246423403422,0.3431640625,10.88357261021932,1090.0,-519.2593933105469,63.36956356855796,106.8,0.0,1.0,0.0,0.0
191.0,3790.249883413315,512.0,-4.300015449523926,-240.12030029296875,-9.840996742248535,0.005859375,3.0,-665.8868815104166,142.0,1675776.0,0.0019451632630079984,688.4828033447266,3.6129335085550944,2.74937682946523,0.3448567708333333,344.2072138468424,1091.0
192.0,3795.073099374771,512.0,-4.31477689743042,-231.3947296142578,-2.8438711166381836,0.0078125,4.0,-491.88744354248047,106.0,1677312.0,-0.024684895559524498,52.912221654256186,3.6148006518681846,1.9697797377904256,0.31009114583333336,26.395277786254884,1092.0
193.0,3799.837619781494,512.0,-4.437164783477783,-233.1230926513672,-4.263774394989014,0.0078125,4.0,-524.6105575561523,111.5,1678848.0,-0.024399040980885425,146.79213943481446,3.6173187732696532,2.3044357299804688,0.35540364583333334,73.33549766540527,1093.0
194.0,3804.752205848694,512.0,-4.1937947273254395,-231.83531188964844,-0.22146575152873993,0.0078125,4.0,-488.74781799316406,108.0,1680384.0,0.04625019614274303,22.97270851135254,3.6214364767074585,2.4404489278793333,0.37213541666666666,11.49639008839925,1094.0
195.0,3809.5937869548798,512.0,-4.253427505493164,-230.4034423828125,-1.7015018463134766,0.0078125,4.0,-506.5775146484375,113.5,1681920.0,-0.007636168661216895,61.306677373250324,3.629212466875712,2.422853207588196,0.36770833333333336,30.609410921732586,1095.0
196.0,3814.3619871139526,512.0,-4.593442440032959,-228.9066619873047,0.42726579308509827,0.009765625,5.0,-459.388818359375,98.0,1683456.0,-0.003517098631709814,18.801056480407716,3.6333769798278808,1.9752184232076009,0.3107421875,9.360677242279053,1096.0
197.0,3819.2245485782623,512.0,-4.372264862060547,-232.1243438720703,-2.432328462600708,0.0078125,4.0,-495.1136169433594,104.5,1684992.0,-0.03165354989469051,33.9213508605957,3.625461292266846,1.4877678592999777,0.3017578125,16.89276736577352,1097.0
198.0,3823.9724276065826,512.0,-4.629868984222412,-227.5740966796875,-0.5134006142616272,0.009765625,5.0,-463.18007202148436,98.0,1686528.0,0.00780841801315546,19.366159534454347,3.6173303604125975,0.6608481715122859,0.26490885416666665,9.654714886347453,1098.0
199.0,3828.6534073352814,512.0,-4.573758602142334,-226.5749969482422,0.3324454426765442,0.009765625,5.0,-466.1285095214844,101.6,1688064.0,-0.010468008338163297,14.530311012268067,3.6157016277313234,1.0703355451424916,0.34322916666666664,7.218530480066935,1099.0
200.0,3833.4772131443024,512.0,-4.282354831695557,-228.3368682861328,-1.8808269500732422,0.0078125,4.0,-490.05765533447266,106.25,1689600.0,-0.0059971032043298084,73.0536314646403,3.6158310492833454,0.9021179417769114,0.346875,36.484660657246906,1100.0,-508.5847595214844,66.46789326815554,111.6,0.0,1.0,0.0,0.0
201.0,3842.8385813236237,512.0,-4.135979175567627,-227.3372802734375,0.8375125527381897,0.0078125,4.0,-467.54077911376953,105.25,1691136.0,0.058656843317051725,6.129566303888956,3.6189266125361126,1.5248762607574462,0.4347005208333333,3.087250765164693,1101.0
202.0,3847.461417913437,512.0,-3.8532791137695312,-233.8231658935547,-2.3574206829071045,0.005859375,3.0,-524.8060404459635,117.0,1692672.0,-0.015437243304525812,40.110568110148115,3.615645408630371,2.1886595209439594,0.4034505208333333,20.00369021097819,1102.0
203.0,3852.0861394405365,512.0,-4.290482997894287,-229.8722686767578,-1.4356657266616821,0.0078125,4.0,-489.8475112915039,104.25,1694208.0,-0.010179071392243107,19.426316610972087,3.61145867506663,1.4782334963480632,0.3175130208333333,9.666864744822185,1103.0
204.0,3856.753892183304,512.0,-4.1635212898254395,-225.95677185058594,-0.5727468729019165,0.0078125,4.0,-493.22232818603516,112.25,1695744.0,-0.012904720831041534,31.424523544311523,3.6142811218897504,1.6864269693692526,0.3048177083333333,15.663214270273844,1104.0
205.0,3861.3539085388184,512.0,-4.182440280914307,-232.71728515625,0.10761922597885132,0.0078125,4.0,-483.2690963745117,107.25,1697280.0,0.0338066133360068,6.327568753560384,3.6135247786839804,2.0205803354581198,0.38671875,3.161455750465393,1105.0
206.0,3865.9703414440155,512.0,-4.236686706542969,-241.5120086669922,-16.5008602142334,0.00390625,2.0,-781.2991943359375,178.0,1698816.0,-0.01549212660950919,1541.6559936523438,3.6124447107315065,1.8629531025886537,0.3610026041666667,770.7763753255208,1106.0
207.0,3870.552446603775,512.0,-4.405393123626709,-233.5696258544922,-4.0438761711120605,0.0078125,4.0,-525.432243347168,112.5,1700352.0,0.006881859463949998,85.49738693237305,3.6128035386403403,1.5899100383122762,0.3470703125,42.719447453816734,1107.0
208.0,3875.2028472423553,512.0,-4.180328845977783,-227.64695739746094,-0.4696059226989746,0.0078125,4.0,-499.8195266723633,114.0,1701888.0,0.000937629056473573,14.818055057525635,3.614116605122884,0.8145602981249491,0.29759114583333335,7.373824008305868,1108.0
209.0,3879.772848844528,512.0,-5.04373025894165,-243.6943817138672,-14.999051094055176,0.0078125,4.0,-623.8508605957031,119.25,1703424.0,-0.007264963972071807,937.4068908691406,3.61289693514506,1.3729195475578309,0.330078125,468.66004740397136,1109.0
210.0,3884.44584774971,512.0,-4.298795223236084,-230.5227508544922,-1.9109591245651245,0.0078125,4.0,-497.3639221191406,108.0,1704960.0,-0.0004910471849143505,30.31690527598063,3.6153999964396157,0.9720774551232656,0.29954427083333335,15.121807734171549,1110.0,-471.9146240234375,10.847514763020303,96.8,0.0,1.0,0.0,0.0
211.0,3893.0499930381775,512.0,-4.382326602935791,-233.05804443359375,-3.2509937286376953,0.0078125,4.0,-501.016357421875,108.25,1706496.0,-0.025702264454836646,85.53639602661133,3.6207937399546304,0.586951074997584,0.27317708333333335,42.70628763834635,1111.0
212.0,3897.6223788261414,512.0,-4.269707679748535,-228.94898986816406,-1.970192551612854,0.0078125,4.0,-516.9583435058594,116.0,1708032.0,-0.013479789377500613,65.34497629801432,3.6218034823735556,0.6637491255998611,0.2918619791666667,32.622790273030596,1112.0
213.0,3902.1990246772766,512.0,-4.2770562171936035,-231.6056671142578,-1.4786396026611328,0.0078125,4.0,-505.5015563964844,111.75,1709568.0,0.008482086782654127,14.66935609181722,3.6243669748306275,1.5811819632848103,0.30625,7.306916411717733,1113.0
214.0,3906.772530555725,512.0,-5.0489020347595215,-235.9692840576172,-6.867908477783203,0.009765625,5.0,-495.227734375,93.6,1711104.0,-0.01878147842362523,431.87842712402346,3.6294785420099895,0.8281717598438263,0.26712239583333336,215.88413798014324,1114.0
215.0,3911.366490840912,512.0,-4.29807710647583,-231.57281494140625,-1.2433274984359741,0.0078125,4.0,-487.39710235595703,104.25,1712640.0,0.02342024096287787,42.64045600891113,3.635112508138021,1.0592462042967479,0.3404947916666667,21.307297007242838,1115.0
216.0,3915.928783893585,512.0,-4.641544818878174,-227.3159637451172,-0.9031326174736023,0.009765625,5.0,-467.23968505859375,99.2,1714176.0,-0.007282656741638979,23.439414151509602,3.64298570950826,0.4356817851463954,0.21419270833333334,11.675994555155436,1116.0
217.0,3920.6122200489044,512.0,-4.518253803253174,-225.71240234375,1.2581831216812134,0.009765625,5.0,-457.828515625,100.6,1715712.0,-0.015494297072291375,22.349583117167153,3.645045765240987,0.5044261276721954,0.29453125,11.122846825917561,1117.0
218.0,3925.2865681648254,512.0,-4.618379592895508,-229.51780700683594,0.21663860976696014,0.009765625,5.0,-452.5948120117188,94.4,1717248.0,0.026251860397557416,3.445950897534688,3.6439769585927326,0.42780766586462654,0.22298177083333334,1.7127875208854675,1118.0
219.0,3929.929740667343,512.0,-4.4399590492248535,-232.81983947753906,-4.20756196975708,0.0078125,4.0,-521.8263168334961,109.5,1718784.0,0.017480607734372218,90.29377593994141,3.6433695793151855,0.9815606355667115,0.3880859375,45.12793528238932,1119.0
220.0,3934.553113937378,512.0,-4.94671106338501,-231.9640350341797,-6.138342380523682,0.009765625,5.0,-499.3818603515625,99.6,1720320.0,0.0029090365394949915,411.3050506591797,3.64506356716156,0.21271396279335023,0.19928385416666666,205.6189852396647,1120.0,-451.42009887695315,23.12646254249105,88.8,0.0,1.0,0.0,0.0
221.0,3942.8318598270416,512.0,-4.690309524536133,-229.50624084472656,-1.3134626150131226,0.009765625,5.0,-459.38616943359375,93.8,1721856.0,-0.02230209417951604,86.16177622477214,3.646128948529561,0.1245607075591882,0.17994791666666668,43.02212460835775,1121.0
222.0,3947.379893064499,512.0,-5.0868306159973145,-235.4581298828125,-8.20175838470459,0.009765625,5.0,-503.6782531738281,95.4,1723392.0,-0.019516741360227265,1014.9965006510416,3.6474987347920735,0.20493422498305638,0.23678385416666667,507.4422587076823,1122.0
223.0,3951.9954652786255,512.0,-5.214500904083252,-237.2926483154297,-10.242850303649902,0.009765625,5.0,-522.2401916503907,97.8,1724928.0,-0.014357613896330198,995.3600453694661,3.6485619942347207,0.14227575262387593,0.2013671875,497.629177347819,1123.0
224.0,3956.5503137111664,512.0,-4.853585720062256,-232.885009765625,-3.7954177856445312,0.009765625,5.0,-477.1201416015625,94.6,1726464.0,-0.013526382949203252,118.6448844909668,3.645933961868286,0.3287452826897303,0.23606770833333332,59.27245597839355,1124.0
225.0,3961.247388601303,512.0,-4.774339199066162,-230.6785888671875,-11.915417671203613,0.0078125,4.0,-589.2785720825195,119.0,1728000.0,-0.01162851854848365,528.7377360026042,3.658171526590983,0.11320475041866303,0.17819010416666667,264.32065836588544,1125.0
226.0,3965.911022901535,512.0,-5.345558166503906,-241.15576171875,-11.733573913574219,0.009765625,5.0,-522.4542846679688,92.0,1729536.0,-0.0235250363436838,1025.876202392578,3.673508397738139,0.2565664082765579,0.22571614583333333,512.8778391520183,1126.0
227.0,3970.509115457535,512.0,-5.022207260131836,-235.6011199951172,-6.068627834320068,0.009765625,5.0,-484.0727294921875,91.0,1731072.0,-0.02208805619738996,302.05768432617185,3.6830809434254963,0.2686559910575549,0.1671875,150.96992263793945,1127.0
228.0,3975.1872947216034,512.0,-5.062170028686523,-236.7540740966797,-7.212630748748779,0.009765625,5.0,-496.8683654785156,93.6,1732608.0,-0.006699912746747335,587.0763122558594,3.692077898979187,0.13221748694777488,0.2943359375,293.4945358276367,1128.0
229.0,3980.031856775284,512.0,-4.561363220214844,-228.765625,1.424023985862732,0.009765625,5.0,-443.3455383300781,93.2,1734144.0,0.006387154043962558,5.897717809677124,3.6970113356908163,0.17066852773229282,0.2608723958333333,2.9182759364446005,1129.0
230.0,3984.792647123337,512.0,-5.256627559661865,-237.8736572265625,-11.228388786315918,0.009765625,5.0,-534.5472106933594,101.0,1735680.0,-0.014714116246129076,551.0145314534506,3.691515644391378,0.31788270274798075,0.19153645833333333,275.45563252766925,1130.0,-455.1007385253906,15.82879837858253,94.8,0.0,1.0,0.0,0.0
231.0,3993.358400583267,512.0,-4.396925449371338,-230.5692596435547,-3.3453075885772705,0.0078125,4.0,-485.6001892089844,102.5,1737216.0,-0.029965034996469814,119.04361470540364,3.6858821709950766,0.3015815625588099,0.19837239583333333,59.45498326619466,1131.0
232.0,3997.876250267029,512.0,-5.019937992095947,-236.4498291015625,-6.714572906494141,0.009765625,5.0,-509.81858520507814,100.8,1738752.0,-0.02101362608373165,759.4297017415364,3.6886566718419393,0.3704263607660929,0.22623697916666666,379.6569519042969,1132.0
233.0,4002.3795466423035,512.0,-3.9069719314575195,-232.55419921875,-3.2882518768310547,0.005859375,3.0,-591.2939249674479,140.0,1740288.0,0.0016768098498384158,169.11924591064454,3.692509651184082,0.2599563181400299,0.23828125,84.52437553405761,1133.0
234.0,4006.965819835663,512.0,-4.645557403564453,-230.270751953125,-0.3204104006290436,0.009765625,5.0,-448.89073486328124,91.2,1741824.0,-0.014563660075267156,76.87971903483073,3.697410321235657,0.14754074960947036,0.17864583333333334,38.38832162221273,1134.0
235.0,4011.5273904800415,512.0,-4.972081661224365,-229.6365203857422,2.1567933559417725,0.01171875,6.0,-415.6445770263672,81.83333333333333,1743360.0,0.011930921487510205,43.7515983581543,3.704660940170288,0.12703378051519393,0.234765625,21.85068333943685,1135.0
236.0,4016.168782711029,512.0,-4.865203380584717,-234.215087890625,-3.863957643508911,0.009765625,5.0,-479.6958984375,94.6,1744896.0,-0.013256110080207387,398.1159261067708,3.7008855819702147,0.3629081209500631,0.22942708333333334,199.00769805908203,1136.0
237.0,4020.6751341819763,512.0,-4.764071941375732,-232.9597930908203,-1.702901840209961,0.009765625,5.0,-459.37725219726565,91.2,1746432.0,-0.022911281945804756,82.60400594075521,3.7024598757425946,0.4350996931393941,0.23509114583333332,41.24206708272298,1137.0
238.0,4025.236213207245,512.0,-4.555103302001953,-230.4816131591797,1.8350191116333008,0.009765625,5.0,-437.65394897460936,91.2,1747968.0,0.0032874114035318295,11.5117901802063,3.695668649673462,0.20954112162192662,0.21946614583333332,5.7222257932027185,1138.0
239.0,4029.702249288559,512.0,-4.65914249420166,-233.27842712402344,0.3352755010128021,0.009765625,5.0,-460.38469848632815,95.4,1749504.0,-0.0035459460690617562,20.52675393422445,3.6906309525171914,0.21237171590328216,0.1763671875,10.222924725214641,1139.0
240.0,4034.2083311080933,512.0,-4.1787848472595215,-236.7746124267578,-7.7507500648498535,0.005859375,3.0,-649.3540242513021,147.66666666666666,1751040.0,-0.013628007875134547,184.29949696858725,3.688708511988322,0.23409765362739562,0.1767578125,92.099232228597,1140.0,-439.6319274902344,18.374321033613263,93.8,0.0,1.0,0.0,0.0
241.0,4042.5803396701813,512.0,-4.224813938140869,-233.5454864501953,-0.5448421835899353,0.0078125,4.0,-453.3441696166992,95.0,1752576.0,-0.011512341055398187,39.040669759114586,3.6881934960683185,0.17934640422463416,0.1837890625,19.47194048563639,1141.0
242.0,4047.15021443367,512.0,-4.524580478668213,-227.7933349609375,1.6207469701766968,0.009765625,5.0,-450.0874816894531,97.2,1754112.0,-0.012315508940567573,19.472651735941568,3.6855242331822713,0.10144080345829327,0.21920572916666667,9.687155151367188,1142.0
243.0,4051.6585664749146,512.0,-4.46007776260376,-235.87847900390625,-4.784798622131348,0.0078125,4.0,-512.8429412841797,110.75,1755648.0,-0.009016247807691495,354.8767506917318,3.686183738708496,0.3631054182847341,0.31197916666666664,177.39249496459962,1143.0
244.0,4056.1206176280975,512.0,-4.076761722564697,-227.28460693359375,1.345359206199646,0.0078125,4.0,-489.10716247558594,114.25,1757184.0,-0.011015292101850113,28.271633911132813,3.6851309219996136,0.45636487901210787,0.242578125,14.087950420379638,1144.0
245.0,4060.5802717208862,512.0,-4.814054489135742,-231.83766174316406,-3.5956201553344727,0.009765625,5.0,-485.8768737792969,99.6,1758720.0,-0.028843912342563272,300.2160308837891,3.685419766108195,0.7570106168588002,0.27838541666666666,150.04231897989908,1145.0
246.0,4065.0352308750153,512.0,-4.516693115234375,-233.0847930908203,-6.639664173126221,0.0078125,4.0,-554.2245178222656,118.25,1760256.0,-0.021867725307432313,699.0487416585287,3.6883708079655966,0.9336406548817953,0.2931640625,349.46561431884766,1146.0
247.0,4069.5154740810394,512.0,-4.505094051361084,-238.0389862060547,-13.380223274230957,0.005859375,3.0,-639.5444539388021,136.33333333333334,1761792.0,-0.03890560809522867,1124.8199951171875,3.6879721800486247,0.9457458873589834,0.20279947916666666,562.3342213948567,1147.0
248.0,4074.2108092308044,512.0,-4.065067291259766,-236.4698028564453,-4.999156475067139,0.005859375,3.0,-576.457763671875,132.0,1763328.0,-0.019025320249299208,88.65802815755208,3.68538228670756,0.5736275027195613,0.2630208333333333,44.27313461303711,1148.0
249.0,4079.0172934532166,512.0,-5.13645601272583,-237.06080627441406,-8.699971199035645,0.009765625,5.0,-522.7345703125,101.2,1764864.0,-0.021159252834816775,751.2365814208985,3.6842583656311034,0.8082855820655823,0.22825520833333332,375.56029612223307,1149.0
250.0,4083.8832144737244,512.0,-4.347266674041748,-228.50245666503906,-4.18529748916626,0.0078125,4.0,-543.849609375,123.0,1766400.0,-0.014298259311666091,126.88815536499024,3.6840363264083864,0.5678671648104986,0.2544921875,63.39293886820475,1150.0,-429.85346069335935,14.722899205325355,90.6,0.0,1.0,0.0,0.0
251.0,4092.6504759788513,512.0,-4.320079326629639,-230.43772888183594,-1.9631093740463257,0.0078125,4.0,-486.5300827026367,103.0,1767936.0,-0.02009679644058148,60.31249287923177,3.6870213985443114,0.3570763751864433,0.1927734375,30.09927946726481,1151.0
252.0,4097.367279291153,512.0,-4.203690052032471,-227.8808135986328,-0.3630650043487549,0.0078125,4.0,-472.92272186279297,104.75,1769472.0,-0.019310469816749293,42.08965212504069,3.689053281148275,0.38181745211283363,0.19759114583333334,20.98862501780192,1152.0
253.0,4102.159168958664,512.0,-4.349271774291992,-234.76953125,-2.9055821895599365,0.0078125,4.0,-544.2112731933594,123.0,1771008.0,-0.018540129391476513,66.30169970194498,3.696092422803243,0.6117428163687388,0.234375,33.09534880320231,1153.0
254.0,4106.609609603882,512.0,-4.128305435180664,-236.0067596435547,-6.142680644989014,0.005859375,3.0,-599.8021138509115,129.66666666666666,1772544.0,-0.006041527151440581,541.5552225748698,3.710564684867859,0.42446073293685915,0.21432291666666667,270.73446299235025,1154.0
255.0,4111.076775074005,512.0,-4.437588214874268,-249.3352813720703,-20.281980514526367,0.00390625,2.0,-1091.999038696289,238.5,1774080.0,-0.01599051382703086,2083.0627237955728,3.7122795502344768,0.823460328578949,0.28763020833333336,1041.478251139323,1155.0
256.0,4115.524736166,512.0,-4.025696277618408,-239.73602294921875,-5.087907314300537,0.005859375,3.0,-628.8139241536459,148.0,1775616.0,-0.017046910927941403,89.1088015238444,3.715179753303528,0.3991985206802686,0.21471354166666667,44.50020268758138,1156.0
257.0,4120.026285648346,512.0,-4.1410088539123535,-240.3252716064453,-7.272817134857178,0.005859375,3.0,-644.0063781738281,145.33333333333334,1777152.0,-0.01857433036590616,480.2066335042318,3.7306751012802124,0.41437253256638845,0.22493489583333334,240.0474380493164,1157.0
258.0,4124.513181686401,512.0,-4.268029689788818,-236.5408935546875,-0.683277428150177,0.0078125,4.0,-530.3562393188477,121.5,1778688.0,-0.002104642987251282,60.5486260732015,3.736004090309143,0.26024137089649835,0.2550130208333333,30.234847895304362,1158.0
259.0,4128.976733207703,512.0,-3.708021879196167,-236.14918518066406,0.7409746050834656,0.005859375,3.0,-550.1689249674479,139.33333333333334,1780224.0,0.006685388491799434,12.859844779968261,3.7338528474171957,0.1750972382724285,0.230859375,6.399269247055054,1159.0
260.0,4133.571052789688,512.0,-5.1804280281066895,-249.0209197998047,-16.479581832885742,0.0078125,4.0,-647.3354339599609,121.5,1781760.0,-0.013178895475963752,961.298193359375,3.726970593134562,0.4194186160961787,0.2545572916666667,480.59864705403646,1160.0,-520.176123046875,153.03395745964468,107.8,0.0,1.0,0.0,0.0
261.0,4142.833073854446,512.0,-4.1737961769104,-238.95216369628906,-7.834474086761475,0.005859375,3.0,-699.6440734863281,165.66666666666666,1783296.0,-0.006692723852271835,243.09844818115235,3.7243688503901162,0.43508235812187196,0.20221354166666666,121.5052858988444,1161.0
262.0,4147.607164144516,512.0,-4.326328277587891,-235.3035430908203,-2.2138445377349854,0.0078125,4.0,-519.8623046875,114.5,1784832.0,-0.012837119369457166,72.22539774576823,3.7328596194585164,0.5719545602798461,0.2572265625,36.06253356933594,1162.0
263.0,4152.241370439529,512.0,-4.6040940284729,-239.8418426513672,-6.519376754760742,0.0078125,4.0,-556.031494140625,114.0,1786368.0,-0.012449180753901602,339.51024169921874,3.7457994699478148,0.726940173904101,0.2376953125,169.70521291097006,1163.0
264.0,4156.979148864746,512.0,-4.464990139007568,-237.3740692138672,-3.4775822162628174,0.0078125,4.0,-519.0101470947266,105.5,1787904.0,-0.0018707439924279849,257.4104741414388,3.7537620464960733,0.3559927960236867,0.22096354166666668,128.66582921346028,1164.0
265.0,4161.645730495453,512.0,-4.952935695648193,-244.3494873046875,-12.996883392333984,0.0078125,4.0,-629.8526611328125,126.5,1789440.0,-0.015145894760886828,1020.3027303059896,3.762525733311971,0.39466839929421743,0.21575520833333334,510.098594156901,1165.0
266.0,4166.112907409668,512.0,-3.9378273487091064,-237.7940673828125,-3.052107095718384,0.005859375,3.0,-657.6509399414062,165.0,1790976.0,-0.017361597965161006,77.52748591105143,3.7707663933436075,0.5035968502362569,0.1986328125,38.70867379506429,1166.0
267.0,4170.599504947662,512.0,-4.5583672523498535,-245.7083282470703,-14.153739929199219,0.0078125,4.0,-583.4710464477539,128.0,1792512.0,-0.0064041704560319586,533.5873840332031,3.7816346963246663,0.5030737986167272,0.22311197916666667,266.74947153727214,1167.0
268.0,4175.072056531906,512.0,-3.812955617904663,-247.4225616455078,-7.898401260375977,0.00390625,2.0,-781.5349426269531,185.5,1794048.0,-0.008641138548652331,229.84871368408204,3.784168235460917,0.6716532915830612,0.23795572916666666,114.87787399291992,1168.0
269.0,4179.5921947956085,512.0,-4.624851703643799,-229.42236328125,0.31179261207580566,0.009765625,5.0,-449.16461181640625,92.8,1795584.0,-0.00957687348127365,20.920689201354982,3.7790088653564453,0.32925880948702496,0.24641927083333334,10.412977536519369,1169.0
270.0,4184.095007181168,512.0,-4.274194240570068,-225.7799530029297,-3.0577590465545654,0.0078125,4.0,-542.4197540283203,126.25,1797120.0,-0.027069005245963732,89.68177604675293,3.778700264294942,0.5846443881591161,0.24153645833333334,44.776032066345216,1170.0,-472.210791015625,109.87829158371846,100.6,0.0,1.0,0.0,0.0
271.0,4192.798412561417,512.0,-3.916435956954956,-232.13330078125,-2.545525550842285,0.005859375,3.0,-494.33359781901044,109.66666666666667,1798656.0,-0.005115219065919519,36.844010543823245,3.7817820072174073,0.40172965129216515,0.22604166666666667,18.379072380065917,1171.0
272.0,4197.481207847595,512.0,-4.889567852020264,-251.2615966796875,-19.290119171142578,0.005859375,3.0,-785.5474650065104,152.0,1800192.0,-0.009997452888637782,1913.8400309244792,3.790125568707784,0.7827583154042562,0.2985026041666667,956.872119140625,1172.0
273.0,4202.072245359421,512.0,-4.308964252471924,-231.46946716308594,-2.2547051906585693,0.0078125,4.0,-505.6574401855469,110.0,1801728.0,-0.027924322926749786,63.08602650960287,3.7950396219889324,0.5351576725641887,0.16236979166666668,31.477138837178547,1173.0
274.0,4206.651856422424,512.0,-4.825557231903076,-250.3186798095703,-17.326990127563477,0.005859375,3.0,-756.4761555989584,144.66666666666666,1803264.0,-0.012747458182275295,1637.1902425130208,3.797807733217875,0.9750647942225138,0.27291666666666664,818.5444030761719,1174.0
275.0,4211.191779136658,512.0,-4.3998565673828125,-231.32029724121094,-3.17756724357605,0.0078125,4.0,-464.9871597290039,101.0,1804800.0,-0.02617589564373096,245.22256215413412,3.802216569582621,0.7680376172065735,0.2854817708333333,122.54708340962728,1175.0
276.0,4215.776460647583,512.0,-4.972873687744141,-252.38328552246094,-20.079753875732422,0.005859375,3.0,-777.7973429361979,141.33333333333334,1806336.0,-0.022010260494425893,1905.140293375651,3.8066101471583047,0.8297286768754323,0.24381510416666666,952.5100646972656,1176.0
277.0,4220.354717969894,512.0,-4.708828926086426,-236.33985900878906,-8.865498542785645,0.0078125,4.0,-551.7068023681641,108.75,1807872.0,-0.02111561273535093,418.28440450032554,3.815553307533264,0.2851867799957593,0.17526041666666667,209.08293329874675,1177.0
278.0,4224.937529325485,512.0,-4.748178482055664,-229.484130859375,-1.7729612588882446,0.009765625,5.0,-448.6435913085937,88.0,1809408.0,-0.022368824668228628,130.7711540222168,3.8213302453358966,0.42928855419158934,0.1765625,65.32499453226725,1178.0
279.0,4229.443231582642,512.0,-3.36081862449646,-213.4537811279297,-5.498219966888428,0.00390625,2.0,-737.4658203125,208.5,1810944.0,-0.012491605275621017,167.84579671223958,3.8189862092336018,0.1840999851624171,0.16393229166666667,83.87221590677898,1179.0
280.0,4234.055134534836,512.0,-4.598031520843506,-230.40625,0.7545062899589539,0.009765625,5.0,-454.83104248046874,96.0,1812480.0,-0.019061376061290502,73.14173367818196,3.818317103385925,0.5154257774353027,0.19654947916666668,36.51362247467041,1180.0,-516.5537048339844,97.17784069139685,117.8,0.0,1.0,0.0,0.0
281.0,4243.537088632584,512.0,-4.678678035736084,-232.1329803466797,-0.11612772941589355,0.009765625,5.0,-432.6911560058594,84.2,1814016.0,-0.011948705386991302,68.86923268636068,3.8127983013788858,0.17604913599789143,0.15501302083333332,34.38453960418701,1181.0
282.0,4248.090101242065,512.0,-4.278278827667236,-231.3900909423828,-0.6024841666221619,0.0078125,4.0,-463.2679214477539,96.25,1815552.0,-0.012105261503408352,23.747299893697104,3.8050148566563924,0.15428753520051638,0.18359375,11.82349443435669,1182.0
283.0,4252.634137868881,512.0,-4.969753742218018,-245.85723876953125,-13.097146034240723,0.0078125,4.0,-633.3303604125977,127.0,1817088.0,-0.022526235443850358,872.306728108724,3.80148819287618,0.4512210120757421,0.21399739583333333,436.092817179362,1183.0
284.0,4257.195212125778,512.0,-4.034514904022217,-237.8062286376953,-5.1280741691589355,0.005859375,3.0,-670.181630452474,163.33333333333334,1818624.0,-0.002314349263906479,133.9480951944987,3.8018947283426923,0.252355561653773,0.20182291666666666,66.93371365865072,1184.0
285.0,4261.729518651962,512.0,-4.276046276092529,-248.38441467285156,-8.24085521697998,0.005859375,3.0,-643.6456197102865,138.66666666666666,1820160.0,-0.008704805125792822,543.9379140218099,3.801030079523722,0.3198658853769302,0.3095703125,271.92224171956383,1185.0
286.0,4266.1774888038635,512.0,-4.433099269866943,-241.55316162109375,-3.042926549911499,0.0078125,4.0,-515.6774139404297,106.5,1821696.0,-0.01406961005801956,226.58778533935546,3.805720241864522,0.24683305074771245,0.2779947916666667,113.24176635742188,1186.0
287.0,4270.627205371857,512.0,-3.945399522781372,-241.8095245361328,-2.7864131927490234,0.005859375,3.0,-585.4391581217448,140.0,1823232.0,0.01831085761077702,79.74993667602538,3.8094757715861003,0.3006986781954765,0.21516927083333334,39.855184364318845,1187.0
288.0,4275.108472824097,512.0,-4.355697154998779,-244.71311950683594,-0.4456748068332672,0.0078125,4.0,-550.3704223632812,125.25,1824768.0,0.04731904345874985,99.1452646891276,3.8066805680592855,0.7737482567628224,0.3128255208333333,49.58188451131185,1188.0
289.0,4279.586141347885,512.0,-3.8664710521698,-244.9051055908203,-0.36034664511680603,0.005859375,3.0,-557.4004414876302,133.33333333333334,1826304.0,0.002169016065696875,72.08686904907226,3.7932357867558797,0.2821233535806338,0.253515625,36.0076707204183,1189.0
290.0,4284.036916017532,512.0,-3.424039840698242,-242.1332244873047,-1.2093852758407593,0.00390625,2.0,-759.49755859375,209.0,1827840.0,0.0002212916190425555,82.14742787679036,3.783183248837789,0.43687090774377185,0.24791666666666667,41.03610363006592,1190.0,-694.4751953125,173.92672361837035,186.6,0.0,1.0,0.0,0.0
291.0,4296.046327114105,512.0,-4.133451461791992,-237.5333251953125,1.7207647562026978,0.0078125,4.0,-411.50135040283203,82.5,1829376.0,0.02170533562699954,66.12206993103027,3.784954373041789,0.22618684122959773,0.2647786458333333,33.04489091237386,1191.0
292.0,4300.4825575351715,512.0,-3.7087905406951904,-248.6842803955078,-5.5786309242248535,0.00390625,2.0,-592.8909912109375,126.0,1830912.0,-0.022927611942092578,110.17934061686198,3.782893339792887,0.48682289918263755,0.25930989583333336,55.02891387939453,1192.0
293.0,4304.930654287338,512.0,-3.3525779247283936,-237.02618408203125,0.5414016842842102,0.00390625,2.0,-709.2673950195312,193.0,1832448.0,0.021780042008807263,15.384180291493733,3.7823189894358316,0.23427400588989258,0.25123697916666665,7.676046959559122,1193.0
294.0,4309.388390541077,512.0,-3.506044626235962,-252.0191192626953,-10.166130065917969,0.001953125,1.0,-1285.3411865234375,332.0,1833984.0,-0.015110563269505899,166.28458353678386,3.7870879650115965,0.7723549524943034,0.2820963541666667,83.08930994669596,1194.0
295.0,4313.82271194458,512.0,-3.3822319507598877,-241.3173828125,-0.002986907958984375,0.00390625,2.0,-748.7405548095703,206.0,1835520.0,-0.002639437032242616,60.886540222167966,3.7861230452855428,0.4444740037123362,0.23912760416666667,30.402769978841146,1195.0
296.0,4318.309594154358,512.0,-4.12356424331665,-236.0318603515625,2.3665883541107178,0.0078125,4.0,-519.8741073608398,125.0,1837056.0,0.0033069980796426534,32.406506856282554,3.7833503246307374,0.3256392255425453,0.223046875,16.16872698465983,1196.0
297.0,4322.767910003662,512.0,-3.744823455810547,-232.71180725097656,1.0602359771728516,0.005859375,3.0,-542.6180216471354,131.0,1838592.0,-0.0008070031801859538,22.050615119934083,3.7837417840957643,0.3889375517765681,0.23059895833333333,10.986663055419921,1197.0
298.0,4327.236572027206,512.0,-3.6802120208740234,-228.66880798339844,1.374984622001648,0.005859375,3.0,-519.2727864583334,127.0,1840128.0,-0.007836123462766409,37.41713002522786,3.783840370178223,0.5816212107737859,0.2544921875,18.662890497843424,1198.0
299.0,4331.696893453598,512.0,-4.216651916503906,-237.0989532470703,0.8055374026298523,0.0078125,4.0,-520.4307403564453,120.0,1841664.0,0.007633753493428231,32.56001637776693,3.7819118976593016,0.5833148181438446,0.28984375,16.24982277552287,1199.0
300.0,4336.151843070984,512.0,-3.9035651683807373,-238.80859375,-1.9303213357925415,0.005859375,3.0,-521.8597310384115,118.0,1843200.0,0.014092107551793258,32.97291291554769,3.783869496981303,0.5741749415795009,0.2984375,16.462709776560466,1200.0,-560.2796691894531,143.25002634176894,136.8,0.0,1.0,0.0,0.0
